id,start_time,end_time,employee_id
1,2024-03-07 08:00:00,2024-03-07 16:00:00,1
2,2024-03-07 10:00:00,2024-03-07 18:00:00,2
3,2024-03-07 12:00:00,2024-03-07 20:00:00,3
4,2024-03-07 14:00:00,2024-03-07 22:00:00,4
5,2024-03-07 16:00:00,2024-03-07 00:00:00,5
6,2024-03-07 09:00:00,2024-03-07 17:00:00,6
7,2024-03-07 11:00:00,2024-03-07 19:00:00,7
8,2024-03-07 13:00:00,2024-03-07 21:00:00,8
9,2024-03-07 15:00:00,2024-03-07 23:00:00,9
10,2024-03-07 08:30:00,2024-03-07 16:30:00,10
11,2024-03-07 10:30:00,2024-03-07 18:30:00,1
12,2024-03-07 12:30:00,2024-03-07 20:30:00,2
13,2024-03-07 14:30:00,2024-03-07 22:30:00,3
14,2024-03-07 16:30:00,2024-03-07 00:30:00,4
15,2024-03-07 09:30:00,2024-03-07 17:30:00,5
16,2024-03-07 11:30:00,2024-03-07 19:30:00,6
17,2024-03-07 13:30:00,2024-03-07 21:30:00,7
18,2024-03-07 15:30:00,2024-03-07 23:30:00,8
19,2024-03-07 08:45:00,2024-03-07 16:45:00,9
20,2024-03-07 10:45:00,2024-03-07 18:45:00,10
